nombre,apellido,score
Michael,Jones,70.4225352112676
Herbert,Davis,72.72727272727273
Christopher,Moore,71.60493827160495
